topic,sentiment_mean,sentiment_std,subjectivity_mean,subjectivity_std,counting
Emotion,0.045723619172732724,0.8932033477287157,0.11468327009038688,1.0507625632030984,305.0
Freizeit,0.02207270373489476,0.9965294410315622,-0.07353896861935906,0.9328520469857048,685.0
Infrastruktur,0.2214849597994313,1.1886179721333843,-0.019041954295182656,0.7635904376951081,22.0
Klima,-0.061499672502115084,0.9520675555539111,-0.042965643245904024,0.8944408960239635,417.0
Soziales,0.0343283435290151,1.1005912122165338,-0.33444232353200154,0.6077557101140237,48.0
Wohnen,-0.01263581909622878,0.9600827175454771,0.17384934485074957,1.0942232040727227,318.0
