topic,sentiment_mean,sentiment_std,subjectivity_mean,subjectivity_std,counting
Emotion,0.013697076532340093,0.9354267739662513,0.043410496719986376,0.9975182287863096,552.0
Freizeit,0.04063690277624224,0.9706313282823202,-0.06716143048657941,0.9210989717983618,904.0
Infrastruktur,-0.15517631945339483,1.068972845781412,-0.029151318865415457,1.0133041321355964,46.0
Klima,-0.09282942084300717,0.9887070567595255,-0.06003212385656415,0.9025442858844379,499.0
Soziales,0.16905802574372475,1.2274867488866419,-0.3391688714575229,0.6066132848262962,79.0
Wohnen,0.0033136850976876095,0.9586823225621925,0.2105135516133828,1.1422465859099342,472.0
