topic,sentiment_mean,sentiment_std,subjectivity_mean,subjectivity_std,counting
Emotion,-0.00068763628470036,0.9825969578806247,0.07263513690040531,1.0388293152638852,630.0
Freizeit,0.05961409682756324,0.9724340479112648,-0.08806615461567388,0.9041562308660438,1108.0
Infrastruktur,-0.20052089050137334,1.010188729834827,-0.03931283658464061,1.002972739056585,49.0
Klima,-0.11051470636603786,0.9594209135394057,-0.025865977230910137,0.928907850692023,652.0
Soziales,0.197222999129058,1.2164448708566309,-0.30160198947333045,0.6406955837075584,95.0
Wohnen,0.009991477873827702,0.951645029201962,0.2115336145881592,1.1453270812125635,491.0
