topic,sentiment_mean,sentiment_std,subjectivity_mean,subjectivity_std,counting
Emotion,0.016170759941671154,0.9540019657273453,0.05638640912983743,1.013989014290908,594.0
Freizeit,0.048772886040264064,0.9848602378076259,-0.07301399566147382,0.9169497591490854,1043.0
Infrastruktur,-0.17244883615488493,1.0185661283991618,-0.028322399449852396,1.0105474953712246,48.0
Klima,-0.10460479334053358,0.9575497311174784,-0.04440125307650389,0.9159578964850419,612.0
Soziales,0.15920398065913138,1.2271516060097347,-0.33571174981511176,0.601801637806073,86.0
Wohnen,0.007534949684244434,0.9610501505613368,0.21521891768241874,1.1513566661227141,484.0
