topic,sentiment_mean,sentiment_std,subjectivity_mean,subjectivity_std,counting
Emotion,-0.050048682084654635,0.7615740922331306,-0.22310043932635296,0.6303965343407857,34.0
Freizeit,-0.018899020103496908,0.9246010468950914,-0.09463011466511827,0.8406236386077016,177.0
Infrastruktur,0.46659554835508116,0.9190090270833676,0.8975978262786689,1.205496207863014,3.0
Klima,0.0706239486746506,0.9951203744010769,-0.02063102019936835,0.7000051950925296,65.0
Soziales,0.05534458111430053,0.9220162362597796,0.06735187162960343,1.173870005530951,9.0
Wohnen,0.021604881274437635,0.9312991380147928,0.22116181806680432,1.1769898291594318,117.0
