topic,sentiment_mean,sentiment_std,subjectivity_mean,subjectivity_std,counting
Emotion,0.007610313358053117,0.9676040435125421,0.06882461613425055,1.0314833038340594,609.0
Freizeit,0.05371240132439446,0.978495237463649,-0.08156222360857568,0.9082071684792057,1082.0
Infrastruktur,-0.17789431240079623,1.0206681028264468,-0.029054969841113134,1.0097272087578049,48.0
Klima,-0.10602365271030084,0.9571381851820703,-0.038603776508761366,0.9186271124787323,613.0
Soziales,0.15935752141448167,1.230861405278893,-0.33486979655204485,0.6012498964700984,86.0
Wohnen,0.009191420135619492,0.9582049287347837,0.21456780723300517,1.1483228620951433,488.0
