topic,sentiment_mean,sentiment_std,subjectivity_mean,subjectivity_std,counting
Emotion,0.05520335400954308,0.942511107119667,0.09472529453743814,1.0588984624411306,376.0
Freizeit,0.017390227353866756,0.9914617638534092,-0.0704391712936706,0.9254928858589585,703.0
Infrastruktur,0.1418504288751743,1.0960747791252072,-0.12147358633862664,0.7319574269232132,28.0
Klima,-0.057497852207038146,0.9490144180680666,-0.05275021925157058,0.8882649667142924,432.0
Soziales,0.1266946193018025,1.158229357689124,-0.3243558715435046,0.655341781513572,59.0
Wohnen,-0.03526746527111442,0.9427783796109344,0.16893778121928157,1.0884482906366841,377.0
