keyword,sentiment_mean,sentiment_std,subjectivity_mean,subjectivity_std,counting
'drought climate change',-0.2671837418769973,0.3935395299345187,0.019853295160039714,0.6296210438794285,3.0
'drought weather',-0.036363636363636355,1.0,0.32272727272727275,1.0,1.0
'dry soil',0.01948051948051948,1.0,0.4149350649350649,1.0,1.0
'irrigation',0.000694444444444442,0.6337740608333423,0.1729166666666669,0.6950906715434082,6.0
'water management',0.12142135623730957,0.5992253898257863,0.2539213562373104,0.580737887138645,5.0
