topic,sentiment_mean,sentiment_std,subjectivity_mean,subjectivity_std,counting
Emotion,0.04336054378413036,0.9453523715350406,0.08832239318030774,1.03720061435189,415.0
Freizeit,0.020564207669251173,0.9906961104316283,-0.0813371700658735,0.9142634947673196,737.0
Infrastruktur,0.02767037115665017,1.042219605845981,0.02811908281083105,1.062629264264035,40.0
Klima,-0.06205707037199694,0.9473758122371876,-0.04635377813988602,0.8921086987707041,440.0
Soziales,0.11430862245695607,1.1401664423886775,-0.3400073924172779,0.638449582720205,71.0
Wohnen,-0.02293937585552436,0.9548802968558855,0.17859732481800877,1.107440170497199,399.0
