topic,sentiment_mean,sentiment_std,subjectivity_mean,subjectivity_std,counting
Emotion,0.030466974588396836,0.7419044919842303,-0.20593078462420103,0.6370903945067558,44.0
Freizeit,0.021204119958202705,1.00639657387233,-0.07664146497675083,0.8709985213193768,232.0
Infrastruktur,-0.032219363696741186,0.8321325619907554,0.6543918399615581,1.232873257709023,6.0
Klima,-0.07110989307733244,0.8806714722858973,0.014817567759945168,0.798537925785621,114.0
Soziales,-0.03349736527144411,0.8595392061689463,-0.10346559819666433,0.9992866983986817,17.0
Wohnen,0.04409478355815283,0.9397989443359237,0.20259028715787397,1.203576976277223,133.0
