week,sentiment_mean,sentiment_std,subjectivity_mean,subjectivity_std,counting
2025-40,-0.008441558441558437,0.03948778128704096,0.36883116883116884,0.06520075514836993,2.0
2025-41,-0.14583333333333334,1.0,0.375,1.0,1.0
2025-42,0.3792478350377182,0.4636625681890246,0.5493867239266071,0.22304984403526895,2.0
2025-43,1.6653345369377348e-16,1.0,2.1649348980190553e-15,1.0000000000000029,2.0
2025-44,-0.08921556827998675,0.5530275689141495,0.09921035764593933,0.6302755592221034,9.0
