topic,sentiment_mean,sentiment_std,subjectivity_mean,subjectivity_std,counting
Emotion,0.04645873612239719,0.9472655016681395,0.09395947757565741,1.056665465301673,386.0
Freizeit,0.01885795123087647,0.991514718184675,-0.0765479205474024,0.9179893953769551,724.0
Infrastruktur,0.15945315345805955,1.0485271997902152,-0.17768671777855227,0.682428371008897,33.0
Klima,-0.06329983549410466,0.946348966873538,-0.04720998521682679,0.8906319352304369,439.0
Soziales,0.14484404472972914,1.1369482117360936,-0.33060480453403807,0.6531962328233005,65.0
Wohnen,-0.031275772098106024,0.9493191842603087,0.18464529290911674,1.108089325416327,389.0
