topic,sentiment_mean,sentiment_std,subjectivity_mean,subjectivity_std,counting
Adaptation,0.06421608200538059,0.7380497963971031,0.09827950796931968,0.7897475123296754,186.0
Causes,-0.3522293293524215,0.3929660875960457,-0.12077481747057393,1.341929051137914,9.0
Hazard,-0.06510137560778469,0.7206875288854111,0.20556398387637848,0.7294621410071198,50.0
Impacts,0.20824864812934468,0.785859628755052,0.27925344123691725,0.6644525045529647,31.0
Mitigation,-0.4897500577519988,0.7918888202523028,0.2805237586544098,0.8179425307692377,6.0
