topic,sentiment_mean,sentiment_std,subjectivity_mean,subjectivity_std,counting
Emotion,0.025462003766676625,0.9528879114205928,0.04631262022643064,1.000763175162196,572.0
Freizeit,0.03769617099724057,0.9779926577601054,-0.06928552411198514,0.9236452166255634,963.0
Infrastruktur,-0.1675993310037563,1.023725894725283,-0.02895127061593613,1.014411047706579,47.0
Klima,-0.09618720963731235,0.9707400747704197,-0.05129773076362138,0.9104918887183525,570.0
Soziales,0.18481542390923716,1.2136890231126647,-0.33780112984651456,0.6110297795456445,81.0
Wohnen,0.004960138405323232,0.9590043613477874,0.21387341131890397,1.143764562317695,480.0
