keyword,sentiment_mean,sentiment_std,subjectivity_mean,subjectivity_std,counting
'drought Iran',-0.038857639821160396,0.7862934227511587,0.14530415193180346,0.6566075108319033,51.0
'drought climate change',-0.3522293293524215,0.3929660875960457,-0.12077481747057393,1.341929051137914,9.0
'drought reservoir',-0.011873778261250972,0.7024319997729037,0.38115009350810614,0.5920831354806134,15.0
'drought weather',-0.08791320304201343,0.7372778680771509,0.13031279403420948,0.7765896109235038,35.0
'dry soil',0.20824864812934468,0.785859628755052,0.27925344123691725,0.6644525045529647,31.0
'irrigation',-0.4897500577519988,0.7918888202523028,0.2805237586544098,0.8179425307692377,6.0
'water management',0.06421608200538059,0.7380497963971031,0.09827950796931968,0.7897475123296754,186.0
