topic,sentiment_mean,sentiment_std,subjectivity_mean,subjectivity_std,counting
Emotion,0.026756800185413716,0.9317903641341989,0.058123512285865,1.0164207062694692,513.0
Freizeit,0.013222423618669082,0.9861759874616316,-0.08476413744111938,0.902930139432785,767.0
Infrastruktur,-0.04344229370052708,1.0020819597124517,0.01780543758776109,1.0500675089592273,43.0
Klima,-0.05426643178933126,0.9561352522930576,-0.055527204442785465,0.8860902854901516,449.0
Soziales,0.16242418695774896,1.2141337404735837,-0.33808473942522166,0.6042693632395741,79.0
Wohnen,-0.010301031511620276,0.9713577711953374,0.20239013420805524,1.141916410351194,446.0
