topic,sentiment_mean,sentiment_std,subjectivity_mean,subjectivity_std,counting
Emotion,-0.058429128941562394,0.688628764073182,-0.26615564704966604,0.5706745886628574,21.0
Freizeit,-0.027586691060188014,0.8898959306570762,-0.13279842187803587,0.8651748264372822,88.0
Infrastruktur,0.3110861338590884,0.8065808979938645,0.7509813006431002,1.122400519442754,3.0
Klima,0.11986681428296739,0.9435509964558453,-0.02643757729649383,0.7206939817696791,46.0
Soziales,0.20484280664974427,0.8337705487430841,0.12572980435584938,1.0963034290260556,7.0
Wohnen,-0.014709385181350633,0.93027142701015,0.17345036254560015,1.040621710013346,104.0
