topic,sentiment_mean,sentiment_std,subjectivity_mean,subjectivity_std,counting
Emotion,0.04827439309302516,0.945396523949891,0.09808129407557026,1.0583898513138439,381.0
Freizeit,0.019024868796885912,0.9901098906347732,-0.07724327720991092,0.9173722677617612,721.0
Infrastruktur,0.15969877497837434,1.0482092271230161,-0.17895265995403847,0.6832182602644464,33.0
Klima,-0.06560688596977336,0.9487959629214892,-0.051662338063120164,0.8880873916490175,434.0
Soziales,0.14646320990958342,1.135676124584176,-0.33234888461262524,0.6526061126343924,65.0
Wohnen,-0.031478450464785264,0.9491259592062775,0.18922217263263522,1.1084059714584078,385.0
