topic,sentiment_mean,sentiment_std,subjectivity_mean,subjectivity_std,counting
Emotion,0.0038519859593888093,0.9762838093007266,0.05874658072729494,1.0144569830691115,642.0
Freizeit,0.06033223175336143,0.981035364657419,-0.0933521952950316,0.8891698522719012,1133.0
Infrastruktur,-0.15613688108383594,1.0151083672911394,-0.005087545560541234,1.042246432892521,51.0
Klima,-0.11200852640673149,0.9583430907181172,-0.0016888901783746284,0.9948801760555649,725.0
Soziales,0.18974933697302504,1.2051952333888332,-0.29770267236425685,0.6370566302300247,97.0
Wohnen,0.01600954317924922,0.9498877311927116,0.2095403848561521,1.1288671845176586,492.0
