topic,sentiment_mean,sentiment_std,subjectivity_mean,subjectivity_std,counting
Emotion,0.010347260203669153,0.9808834954122694,0.05214278043525186,1.0039593803721338,661.0
Freizeit,0.060323425297373556,0.9787966785016471,-0.08819947436230179,0.8925575561496646,1149.0
Infrastruktur,-0.14740438217111168,0.992504049081316,-0.031155104434608883,1.0078450924852376,57.0
Klima,-0.10577950940064963,0.9677520017217891,0.0033832422490110716,1.0085088100654505,788.0
Soziales,0.17778163089598406,1.1811471053829503,-0.31080373379929854,0.6177731907950217,103.0
Wohnen,0.010714358327820033,0.9462428248725635,0.20740233122790325,1.1260032182016613,495.0
