topic,sentiment_mean,sentiment_std,subjectivity_mean,subjectivity_std,counting
Emotion,0.05590902960748097,0.9452141030477569,0.09266314833929082,1.0562009997412676,379.0
Freizeit,0.018133875021506037,0.989419440143251,-0.07363259516251978,0.9224884312068654,711.0
Infrastruktur,0.14222174116839006,1.0974801149525073,-0.12246057626854674,0.7331734806478202,28.0
Klima,-0.05956837979017859,0.9485718748977637,-0.053240567153969486,0.8883784309935987,432.0
Soziales,0.1355492746313817,1.1609034446219604,-0.31251566293051936,0.6667673632053603,61.0
Wohnen,-0.03772993501916919,0.9433891762617274,0.177471506281776,1.0962818513919237,379.0
