topic,sentiment_mean,sentiment_std,subjectivity_mean,subjectivity_std,counting
Emotion,0.005981734850763986,0.9723309378359509,0.07709828025353249,1.0448529881514061,616.0
Freizeit,0.05132175691415087,0.9746526496945294,-0.0829965317116056,0.9060817826766355,1097.0
Infrastruktur,-0.20141078978657273,1.016866176756215,-0.040651603736272794,1.0026788650745322,49.0
Klima,-0.10404105373498772,0.9592781879326435,-0.04466502443022452,0.91040472066571,627.0
Soziales,0.2082980701335412,1.2427781331782868,-0.30221065512123785,0.6501124660453875,90.0
Wohnen,0.0076642243534858915,0.9544280629523807,0.21445394637226659,1.146253581757385,491.0
