topic,sentiment_mean,sentiment_std,subjectivity_mean,subjectivity_std,counting
Emotion,0.04378468664846272,0.899079310749028,0.11188293282618969,1.0481868093761275,305.0
Freizeit,0.021709298173642158,0.9950522806879417,-0.0727701998300176,0.9328157353306982,690.0
Infrastruktur,0.22212098927702909,1.1895285985040889,-0.019470337234755337,0.762263410844537,22.0
Klima,-0.06395159007105003,0.9535995262607234,-0.04798395457070756,0.8910090349844187,419.0
Soziales,0.10360315184020934,1.1312389237053393,-0.2909333832623966,0.7044104504095708,50.0
Wohnen,-0.017180373181724294,0.9510194063862097,0.17154936053200168,1.0927981910459075,330.0
