topic,sentiment_mean,sentiment_std,subjectivity_mean,subjectivity_std,counting
Emotion,0.03659040939923066,0.941440537317106,0.09195767340956681,1.046654031979117,410.0
Freizeit,0.02137681931265278,0.9913114603678778,-0.07975845000953143,0.9185249015175918,737.0
Infrastruktur,0.10428038901512074,1.052524168192706,-0.11133482688588445,0.7458669620559467,36.0
Klima,-0.06175943521209445,0.9470227394634569,-0.044773586028154407,0.8955253031484863,440.0
Soziales,0.10623641713804709,1.1439299514285108,-0.331664869931508,0.6447918408156174,70.0
Wohnen,-0.02223738439611886,0.9563415068605032,0.1818258378858627,1.1101690982274397,398.0
