topic,sentiment_mean,sentiment_std,subjectivity_mean,subjectivity_std,counting
Emotion,0.030633625631049433,0.9430997944857044,0.09441939812734601,1.0481393721621546,407.0
Freizeit,0.020901808715957062,0.9922104034311303,-0.08035815780197944,0.9177173046479652,735.0
Infrastruktur,0.07693731199800867,1.0552867668987704,-0.09808415351235841,0.7529888464855495,35.0
Klima,-0.06127054289973756,0.9482276303748731,-0.04666861224584708,0.8950577618810948,440.0
Soziales,0.16231894625259427,1.1120199244235947,-0.3262977572299439,0.6521082907010833,68.0
Wohnen,-0.021770908141016267,0.9573194413279108,0.17880632723909262,1.1081836591348693,398.0
