topic,sentiment_mean,sentiment_std,subjectivity_mean,subjectivity_std,counting
Emotion,-0.14608371085653044,0.7981850960706116,-0.12847209657481493,0.8967196864271316,15.0
Freizeit,0.5188099876747178,0.7316016148660888,0.26111648393354675,0.45226701686664544,3.0
Klima,-0.5058020472949868,0.6467194545899588,-0.27597409542038287,0.302634468108064,6.0
Wohnen,0.08443732495185517,0.7821612968229593,0.07550248744688252,0.8065672122584873,48.0
