topic,sentiment_mean,sentiment_std,subjectivity_mean,subjectivity_std,counting
Emotion,0.025370885081934365,0.932077600083556,0.05774227860369027,1.01390778913995,521.0
Freizeit,0.018954884821164114,0.9873700816833153,-0.08894132585904897,0.8956421850622958,781.0
Infrastruktur,-0.07994035415196442,1.0231928561369843,0.009059243675315293,1.040788747531114,44.0
Klima,-0.060525802337819914,0.9559353032403537,-0.0593323444683957,0.883028565653554,455.0
Soziales,0.16528729904474274,1.2184552933157236,-0.3386324359904128,0.6061950503125583,79.0
Wohnen,-0.008036197198397125,0.9670665661999069,0.2133843852003725,1.1540504510895049,454.0
