keyword,sentiment_mean,sentiment_std,subjectivity_mean,subjectivity_std,counting
'Einsamkeit',-0.2407460067605241,0.8730663822129071,-0.06820119311914472,1.0007673062523306,11.0
'Energiesparmaßnahmen',-0.18503943944342152,0.8697987274663093,-0.44292587772051645,0.3933359996209712,3.0
'Heizkosten',0.10281074070607858,0.7834910408543988,0.11538159245975937,0.8190948739989732,45.0
'Skisaison',0.6,1.0,0.0,1.0,1.0
'Wintereinbruch',-0.5058020472949868,0.6467194545899588,-0.27597409542038287,0.302634468108064,6.0
'Wintersport',0.47821498151207675,1.0298515031776516,0.39167472590032015,0.5539117094069973,2.0
'Zeitumstellung',0.09057202890345373,0.6078528850535387,-0.2791493552139904,0.661418519508902,4.0
