topic,sentiment_mean,sentiment_std,subjectivity_mean,subjectivity_std,counting
Emotion,0.043652215721700846,0.9538426664709091,0.08261399670992392,1.03172412698383,441.0
Freizeit,0.01993546673274126,0.9835637320123446,-0.08872373743433966,0.9016351672436024,756.0
Infrastruktur,0.02440025302885111,1.04620861996971,0.02471605179907208,1.0700290795062175,40.0
Klima,-0.06431014095665294,0.9540258901500738,-0.049686189334678735,0.8903941379175633,441.0
Soziales,0.08721646394307937,1.1549162847744157,-0.3380755399333154,0.618292277610274,73.0
Wohnen,-0.017136625816935383,0.9550996111644986,0.1898093066649693,1.1273099863959106,425.0
