topic,sentiment_mean,sentiment_std,subjectivity_mean,subjectivity_std,counting
Emotion,0.014910602877379385,0.9340268792999917,0.050979443408762135,1.00818888390536,524.0
Freizeit,0.022756943473506343,0.9863416373385854,-0.07685027498642825,0.9074769951370145,847.0
Infrastruktur,-0.07577039346874898,1.019853017621732,-0.005768697408142557,1.0269659213351043,44.0
Klima,-0.06620445405375332,0.956175014230657,-0.06713251190042771,0.8767137521273451,455.0
Soziales,0.1674162220724079,1.2285888147932382,-0.3417882572150982,0.6055143335420476,79.0
Wohnen,-0.0020173658879804584,0.9682106238941623,0.21597950120250756,1.1562941680337584,466.0
