topic,sentiment_mean,sentiment_std,subjectivity_mean,subjectivity_std,counting
Emotion,0.0446798892064511,0.946025319340192,0.0839570652595925,1.0311518598863265,422.0
Freizeit,0.018425448518003963,0.9906767021616788,-0.08544574046366406,0.902698181897617,746.0
Infrastruktur,0.02483707173121239,1.0427874972362163,0.02774482553770601,1.063011197142752,40.0
Klima,-0.06035384396115184,0.951469040947269,-0.05062518510010717,0.8861545761710525,440.0
Soziales,0.11127407595295813,1.1451027661780186,-0.3380363774525739,0.6399975515389743,71.0
Wohnen,-0.022284149002124675,0.950727678725826,0.19251238541236274,1.1318842620777225,405.0
