topic,sentiment_mean,sentiment_std,subjectivity_mean,subjectivity_std,counting
Emotion,0.03557652928740431,0.9439048490072158,0.09641003406430133,1.049122227512624,405.0
Freizeit,0.021337961861228313,0.9935836910973433,-0.0803647532327652,0.917169793738482,735.0
Infrastruktur,0.15528721200032475,1.044338537092327,-0.1705331650949434,0.6977246209745119,33.0
Klima,-0.06288612368257973,0.9504599308316148,-0.04690528530366658,0.8944832633696161,439.0
Soziales,0.1604413048314968,1.1280971499511796,-0.3239042487673008,0.6557121617403096,67.0
Wohnen,-0.030750581592002935,0.9490369504207751,0.1827912194812831,1.1101464996568366,395.0
