keyword,sentiment_mean,sentiment_std,subjectivity_mean,subjectivity_std,counting
'drought climate change',-0.023611111111111138,0.5835746855204111,-0.16188672392660708,0.6296026610074589,4.0
'drought weather',-0.4507756128154959,0.36250701476928227,0.7035533905932738,0.00502525316941676,2.0
'dry soil',0.01948051948051948,1.0,0.4149350649350649,1.0,1.0
'irrigation',0.000694444444444442,0.6337740608333423,0.1729166666666669,0.6950906715434082,6.0
'water management',0.12142135623730957,0.5992253898257863,0.2539213562373104,0.580737887138645,5.0
