topic,sentiment_mean,sentiment_std,subjectivity_mean,subjectivity_std,counting
Emotion,0.04091782489686555,0.9453532736914733,0.08476453267204927,1.031431651504577,428.0
Freizeit,0.018039880691294124,0.989171257545164,-0.08622204375410863,0.9029767580048145,747.0
Infrastruktur,0.023626233913039356,1.042731273767229,0.02911982686488678,1.0656244113076283,40.0
Klima,-0.0631480393490185,0.9511721412979313,-0.05062905477913603,0.8860448280145777,441.0
Soziales,0.11184538492886485,1.146731609635769,-0.34088321259074333,0.6212986113365223,71.0
Wohnen,-0.01479206653476838,0.9562529494802595,0.18925532770030676,1.1306516973745382,413.0
