topic,sentiment_mean,sentiment_std,subjectivity_mean,subjectivity_std,counting
Emotion,0.04200439109511918,0.9316552081198013,0.06267758833312743,1.016190582756169,481.0
Freizeit,0.01008786893066568,0.9871981142576554,-0.08413345976457694,0.9050496129747787,763.0
Infrastruktur,0.0033776733865649652,1.010154275865029,0.02455674792769124,1.074966866845937,40.0
Klima,-0.057047651162270153,0.9534217468251921,-0.05394657259722768,0.8854645388915402,449.0
Soziales,0.1552218287134994,1.2165873388509434,-0.34042160354164286,0.6054349080776084,79.0
Wohnen,-0.0202833788738685,0.9664669079481323,0.20209057833863311,1.1423327487940362,437.0
