topic,sentiment_mean,sentiment_std,subjectivity_mean,subjectivity_std,counting
Emotion,0.0571044144784183,0.9421011426772893,0.09375947747564074,1.0583420908293215,375.0
Freizeit,0.018736412099283662,0.9907210327245869,-0.07136189789532427,0.9246992501918309,703.0
Infrastruktur,0.15566561128375223,1.1350290170722093,-0.07227735252344827,0.7516095344659915,25.0
Klima,-0.05971272780984558,0.9485027743602893,-0.05233658689087382,0.8895515323910729,430.0
Soziales,0.11451843314780924,1.1634297335898924,-0.3218292431186758,0.660493507572301,58.0
Wohnen,-0.034897909514686014,0.9421382562300473,0.16586774779015448,1.0860600994022127,377.0
