topic,sentiment_mean,sentiment_std,subjectivity_mean,subjectivity_std,counting
Emotion,0.00804406135289983,0.9815471889406818,0.0548330213860891,1.010055318002517,649.0
Freizeit,0.05918497445047148,0.9802420525068178,-0.08747866354732721,0.893510079163114,1149.0
Infrastruktur,-0.18168844113179286,0.9999073045208162,-0.03176803506030437,1.020217660582999,54.0
Klima,-0.10444229219561658,0.9620764077224033,0.0002605283132190753,1.0009126722836494,752.0
Soziales,0.17354474212337057,1.1748217492141586,-0.311298127418151,0.6210097757849135,103.0
Wohnen,0.010673798020252085,0.9496857980937116,0.2097064987430398,1.1278749526474885,492.0
