topic,sentiment_mean,sentiment_std,subjectivity_mean,subjectivity_std,counting
Emotion,0.05381816564949967,0.9313519445294225,0.10617881143631204,1.0714571853543973,354.0
Freizeit,0.01785099834103473,0.9943430808640263,-0.07214116646219794,0.9260277829203193,701.0
Infrastruktur,0.20741755988177915,1.165591059853024,-0.06925278079969086,0.7672032895756472,24.0
Klima,-0.06701988431017962,0.9518951984806941,-0.052553822423609266,0.8893566979095322,424.0
Soziales,0.13193953049625776,1.102354501156734,-0.30313326598727414,0.6769440954351978,54.0
Wohnen,-0.025941172709645566,0.9450792913409231,0.16331914820880358,1.0778937099732853,359.0
