topic,sentiment_mean,sentiment_std,subjectivity_mean,subjectivity_std,counting
Emotion,0.06892060204788737,0.9101182373664352,0.11192621243681651,1.0697780628815692,324.0
Freizeit,0.01743672579344551,1.0002588206075875,-0.07295346292046817,0.9281845926989136,691.0
Infrastruktur,0.22748557221774277,1.2020661731398004,-0.01738797576969836,0.7702945657633531,22.0
Klima,-0.07063611399695445,0.9523303634290452,-0.051182825366367396,0.8878974663240699,424.0
Soziales,0.13034314069784117,1.106276634809666,-0.3018559469292853,0.6817156319736375,54.0
Wohnen,-0.029771390108275,0.9404157685904074,0.16434357621825008,1.0810709039209143,353.0
