topic,sentiment_mean,sentiment_std,subjectivity_mean,subjectivity_std,counting
Emotion,-0.04652546202991332,0.7343174196931552,-0.1993739994936895,0.640355368713748,35.0
Freizeit,-0.010469357592279906,0.9695606855490827,-0.08035970496374976,0.8652437237947883,217.0
Infrastruktur,0.12722081592004084,0.8317248722804198,0.6603642779952648,1.2241334753436026,5.0
Klima,0.05160807751567269,0.9324867405261091,-0.02611193214755897,0.6879955086559427,75.0
Soziales,-0.08257093255375444,0.9305351246994539,-0.05972757250637748,1.0857487324112498,12.0
Wohnen,0.029576457937132077,0.9339381902161428,0.2071987747465177,1.1857536658189778,130.0
