topic,sentiment_mean,sentiment_std,subjectivity_mean,subjectivity_std,counting
Emotion,0.040488325406444675,0.9472941409630793,0.08274555558722324,1.0313456844777202,444.0
Freizeit,0.015308772634134658,0.985834016966463,-0.08266609007754551,0.9089400862355298,760.0
Infrastruktur,0.00982920667484417,1.0071539708863273,0.024256858511532996,1.0693525510742679,40.0
Klima,-0.05048427267522718,0.9488992387276612,-0.05655566262991394,0.8872904223929574,449.0
Soziales,0.10685863713304014,1.1859436385072184,-0.33630107232621986,0.6111038207443368,75.0
Wohnen,-0.02173300744672986,0.9620759291784753,0.18639803011867465,1.1234229079958216,430.0
