topic,sentiment_mean,sentiment_std,subjectivity_mean,subjectivity_std,counting
Emotion,0.05202399231642792,0.9334779958747925,0.094971966103595,1.0591528828653582,339.0
Freizeit,0.018398599871514505,0.992672307885412,-0.06969346764288006,0.9299075522206078,701.0
Infrastruktur,0.2349025529073219,1.2114134035865154,-0.008173047622308754,0.7692628039628451,22.0
Klima,-0.0668601272573714,0.9511058600373927,-0.04968410016670497,0.8931283134587866,424.0
Soziales,0.13255362575796734,1.0999755211348876,-0.30062403932604415,0.6840616395077818,54.0
Wohnen,-0.023957148592026804,0.9424166575999128,0.16641204518013916,1.081886244442474,358.0
