topic,sentiment_mean,sentiment_std,subjectivity_mean,subjectivity_std,counting
Emotion,0.05515182541538832,0.9375185743589991,0.10892880648152334,1.0645600635597965,364.0
Freizeit,0.0194986399486569,0.9907973763852634,-0.07376308307680211,0.922594850586926,703.0
Infrastruktur,0.1625504077863764,1.146576693390316,-0.07759007037108286,0.755700484375419,25.0
Klima,-0.06083312604506183,0.9505909369025227,-0.057184221248198316,0.8868605871893439,427.0
Soziales,0.11630413296958432,1.1645676165577248,-0.3232999833237136,0.6597736302472472,58.0
Wohnen,-0.03362763244504358,0.9418804236689472,0.16416514421999825,1.0864079926442456,377.0
