topic,sentiment_mean,sentiment_std,subjectivity_mean,subjectivity_std,counting
Emotion,0.049837461970333605,0.9046052811206042,0.11308546650403806,1.0499292603188657,306.0
Freizeit,0.022572919262867818,0.9957672370453022,-0.07087269295767201,0.9343245727130475,690.0
Infrastruktur,0.22359515429587493,1.1895274214476816,-0.018027682426706233,0.7607548564100325,22.0
Klima,-0.06341191981729227,0.9515819060101328,-0.050501839818576186,0.8901530351210364,423.0
Soziales,0.0984130088863264,1.1218316078340038,-0.29287996447279707,0.6986865755577218,51.0
Wohnen,-0.023644740135803432,0.9501082589046679,0.16687157645731948,1.0898547381756127,338.0
