topic,sentiment_mean,sentiment_std,subjectivity_mean,subjectivity_std,counting
Emotion,-0.050407883871017856,0.6869883455674135,-0.25434299609267075,0.5837891901496439,21.0
Freizeit,-0.020482409092533578,0.8819094760726092,-0.11528616908136506,0.8794215211271008,88.0
Infrastruktur,0.3110861338590884,0.8065808979938645,0.7509813006431002,1.122400519442754,3.0
Klima,0.07528720959107654,1.0120439631723768,-0.08547965549493472,0.6871542065332097,60.0
Soziales,0.23392789378665882,0.8536529848054215,0.15427057525944818,1.1327289386354034,7.0
Wohnen,-0.014206417944239911,0.9035307590093706,0.1858150488633148,1.0642606058581665,107.0
