topic,sentiment_mean,sentiment_std,subjectivity_mean,subjectivity_std,counting
Emotion,0.05678986390430899,0.9232009646488722,0.10270017015797936,1.066839448863277,330.0
Freizeit,0.018487139871296684,0.9962803599837466,-0.07177745021284013,0.9289545818608096,694.0
Infrastruktur,0.23698496746767866,1.2087855487023702,-0.012123436807734783,0.7696480308228424,22.0
Klima,-0.0684637329574291,0.9504667586913423,-0.049289904520794736,0.8893508117926413,424.0
Soziales,0.13099046068508433,1.1056747978484003,-0.3007091323509553,0.6834954133275514,54.0
Wohnen,-0.024918975416949516,0.9419412583457427,0.1646335491488238,1.080259856832937,357.0
