topic,sentiment_mean,sentiment_std,subjectivity_mean,subjectivity_std,counting
Emotion,0.006510458510315154,0.9790090132616738,0.0705004423211557,1.0369441334549567,630.0
Freizeit,0.05576675551194981,0.9835841778998936,-0.08819824406245051,0.902187558450258,1128.0
Infrastruktur,-0.19594459646276252,1.0073899734094405,-0.040522941883711236,1.0024992006012619,49.0
Klima,-0.11341548254274712,0.9508417484660965,-0.02085207945616852,0.9422220351983206,681.0
Soziales,0.19183640900104407,1.2091064951586692,-0.2965832987851484,0.6362997299907591,96.0
Wohnen,0.017746985850770176,0.9470808377673204,0.21248585115024907,1.1440717424456297,491.0
