week,sentiment_mean,sentiment_std,subjectivity_mean,subjectivity_std,counting
2025-40,-0.12080022266645941,0.5099707272847342,0.1329293376400982,0.6311908082099874,15.0
2025-41,0.016281472263892687,0.8514689539667003,0.2340539157331715,0.7389627878031814,36.0
2025-42,-0.1825560515403089,0.7724250587099226,0.01757788937395117,0.8899149920924075,38.0
2025-43,0.13951230936741507,0.7477835978850969,0.07168557515604447,0.7303825833005066,65.0
2025-44,-0.044911699781989306,0.7515797112625372,0.21764792876852712,0.7442089960352746,98.0
2025-45,0.13025399246715724,0.6980880542954884,0.10055339587661422,0.8071362201542618,81.0
