topic,sentiment_mean,sentiment_std,subjectivity_mean,subjectivity_std,counting
Emotion,0.03858894680033833,0.9445311315117595,0.09342246489638424,1.0517443098136479,397.0
Freizeit,0.020620814220357626,0.9922111452615995,-0.07731987630924103,0.9172014877097173,732.0
Infrastruktur,0.15833030204295415,1.0506975515482764,-0.17824534234424702,0.6835257795715479,33.0
Klima,-0.061718787435004224,0.9486683999924941,-0.047967211798040296,0.894288481097304,439.0
Soziales,0.1543096998432722,1.1332125357013136,-0.3167656292067482,0.6589250713704248,66.0
Wohnen,-0.03189637027848349,0.9500340033782456,0.18458393126749864,1.1107116160031703,389.0
