topic,sentiment_mean,sentiment_std,subjectivity_mean,subjectivity_std,counting
Emotion,0.01565107167880855,0.9422544366639561,0.04656091882483043,1.0059184464887678,537.0
Freizeit,0.025078527351934506,0.9835490057090389,-0.06778594569807096,0.919036001876108,878.0
Infrastruktur,-0.08184871542755777,1.0139077672843275,-0.00462674304919229,1.032552718133109,44.0
Klima,-0.06877488627070957,0.9560029019992425,-0.06965953714148086,0.8722027004513123,455.0
Soziales,0.16332901113270276,1.2313535918794165,-0.3416963237059901,0.6085257276433654,79.0
Wohnen,-0.005260990321564557,0.9669927072773927,0.20953689924167088,1.1506662292660832,467.0
