topic,sentiment_mean,sentiment_std,subjectivity_mean,subjectivity_std,counting
Emotion,0.1649223448158445,0.8320737364936948,-0.019732794673492836,0.8778887336093648,71.0
Freizeit,0.03678051804273619,0.9497950553221532,-0.11026138106238885,0.879446245937293,264.0
Infrastruktur,0.1929400279707912,1.240163045508556,0.32510086135214217,1.0110877717982343,11.0
Klima,-0.08898462892751849,0.9564178785371393,-0.005586778702803099,0.8887245834066668,253.0
Soziales,-0.14810731145113654,0.830760780899614,-0.14646210001193993,1.0236517096405433,20.0
Wohnen,0.022860130705989558,0.9657895952733218,0.18330989571639672,1.1227855467986398,188.0
