topic,sentiment_mean,sentiment_std,subjectivity_mean,subjectivity_std,counting
Emotion,0.05402874472876573,0.9349268729465822,0.10872737912025275,1.0696092318923454,359.0
Freizeit,0.017029153125260415,0.9930402444104165,-0.06988266717533195,0.9281082822120308,703.0
Infrastruktur,0.16266817311743964,1.1623559490709,-0.07945953235778974,0.7574067842334439,25.0
Klima,-0.06779873876624552,0.9532220689919103,-0.04964668259591875,0.8927729576303545,424.0
Soziales,0.14538860088990582,1.1473831752201047,-0.31550611162384923,0.6632191332084476,57.0
Wohnen,-0.024446625994088242,0.9359591442601753,0.15205717146359912,1.0734297492424676,369.0
