week,sentiment_mean,sentiment_std,subjectivity_mean,subjectivity_std,counting
2025-40,-0.34381313085301396,0.5137748074257119,0.5610209230608063,0.2065966018323353,2.0
2025-41,-0.1701388888888889,0.034373246307679385,0.5375000000000001,0.22980970388562796,2.0
2025-42,0.3792478350377182,0.4636625681890246,0.5493867239266071,0.22304984403526895,2.0
2025-43,1.6653345369377348e-16,1.0,2.1649348980190553e-15,1.0000000000000029,2.0
2025-44,-0.009583333333333343,0.5790252625141925,0.01857864376269065,0.6466246412426256,10.0
