topic,sentiment_mean,sentiment_std,subjectivity_mean,subjectivity_std,counting
Emotion,0.06901830691466132,0.9088813913605672,0.10342987000318837,1.0583844369670166,322.0
Freizeit,0.01901961075146897,0.9987628001536895,-0.07228680044285152,0.9299474618064021,690.0
Infrastruktur,0.22869922470699253,1.2018602235840568,-0.016564083739891045,0.7694117203151268,22.0
Klima,-0.06982480123356109,0.9514750357365098,-0.05034938540138597,0.8901499009962175,423.0
Soziales,0.09566293307724862,1.125659934045019,-0.29353745780334933,0.6983741520817912,51.0
Wohnen,-0.027971339001797862,0.9428645468149722,0.16809179983342723,1.084485131944936,349.0
