topic,sentiment_mean,sentiment_std,subjectivity_mean,subjectivity_std,counting
Emotion,0.10190100848128941,0.7393573039355527,-0.14208292336020698,0.7135911164454899,49.0
Freizeit,0.022188484207386,0.9848750205477113,-0.0899206560412598,0.8900471475559654,237.0
Infrastruktur,0.3076276256160597,1.369962056656314,0.5254350136916071,1.0779061259689562,9.0
Klima,-0.08379175728023106,0.9579410469234421,-0.007360745759174453,0.8635481433967375,215.0
Soziales,-0.20709596803434627,0.9233812259035347,-0.16127236670739978,0.9631736969317581,18.0
Wohnen,0.07174654677860201,0.88872066361806,0.20156883752900653,1.163987848391555,156.0
